"id","servidor","latencia_ms","uso_cpu","error_log"
1,"Srv_B",57.2346948583612,77.6241515905131,"Exito"
2,"Srv_A",46.5589901287847,38.9854489194695,"Exito"
3,"Srv_A",53.7299100942908,26.606897873804,"Exito"
4,"Srv_B",35.7116036137109,74.1109453632962,"Exito"
5,"Srv_A",45.608071235861,78.2715101186186,"Exito"
6,"Srv_A",48.249933805074,34.2424285241868,"Exito"
7,"Srv_A",57.864065457553,52.0887275037821,"Exito"
8,"Srv_B",40.4817133093483,73.0366439912468,"Exito"
9,"Srv_A",61.5941165263423,96.8135321952868,"Exito"
10,"Srv_B",50.2927135224134,40.3543223151937,"Exito"
11,"Srv_B",44.7266416487834,23.9558221558109,"Exito"
12,"Srv_A",59.1020331609889,45.4317029921804,"Exito"
13,"Srv_A",46.7404159485362,6.70255268272012,"Exito"
14,"Srv_A",42.3362757045484,39.7945394467097,"Exito"
15,"Srv_B",40.7936677264337,94.4013050100766,"Exito"
16,"Srv_A",45.1119615359931,71.9575769337825,"Exito"
17,"Srv_B",52.6370146571137,48.483577723382,"Exito"
18,"Srv_B",38.6440257587988,72.810108167585,"Exito"
19,"Srv_B",45.8147154994682,18.1222765611019,"Exito"
20,"Srv_B",44.4185566783652,72.8150428999215,"Exito"
21,"Srv_B",46.9648068914558,54.1805199154187,"Exito"
22,"Srv_B",36.8848189330033,27.9191405291203,"Exito"
23,"Srv_B",54.600098853084,67.4900451416615,"Exito"
24,"Srv_B",52.7930308348511,39.4480675929226,"Exito"
25,"Srv_B",25.8387256884989,21.2569790005218,"Exito"
26,"Srv_A",50.7508724887434,40.4353129616939,"Fallo"
27,"Srv_A",60.1695287527757,80.6082771571819,"Exito"
28,"Srv_A",59.72945658531,66.8596112050582,"Exito"
29,"Srv_A",51.5130502693693,31.6181665884797,"Exito"
30,"Srv_A",47.8622402577305,18.7803526900243,"Exito"
31,"Srv_B",42.3524930112053,23.51784269372,"Exito"
32,"Srv_A",38.5739470062158,60.4244975778274,"Exito"
33,"Srv_B",37.2350504311784,28.2691442444921,"Exito"
34,"Srv_B",37.6516959955448,48.6921866699122,"Exito"
35,"Srv_B",51.1139920901725,37.6036971884314,"Exito"
36,"Srv_B",45.3247812366524,53.9177087270655,"Exito"
37,"Srv_B",44.5809630966921,43.0313919801265,"Exito"
38,"Srv_B",39.9826544563741,20.6272833964322,"Exito"
39,"Srv_A",37.8890914132064,6.57459128694609,"Exito"
40,"Srv_B",41.7822751911385,20.6157087816391,"Exito"
41,"Srv_B",35.803012994091,24.5263879313134,"Exito"
42,"Srv_B",37.302798677801,83.9882122869603,"Exito"
43,"Srv_A",50.047649969709,35.2541414157022,"Exito"
44,"Srv_A",67.1163848631733,25.8936132548843,"Exito"
45,"Srv_A",43.4032537912009,25.6418359996751,"Exito"
46,"Srv_B",45.049330761925,59.0148937911727,"Exito"
47,"Srv_B",30.6064387963288,7.312675004825,"Exito"
48,"Srv_B",47.4618544922529,86.5906443255953,"Exito"
49,"Srv_B",44.68482367965,38.1442858800292,"Exito"
50,"Srv_A",53.0782073662698,84.3332448492292,"Exito"
51,"Srv_B",32.0897841119262,93.7225288073532,"Exito"
52,"Srv_A",44.0240349717616,89.28232651297,"Exito"
53,"Srv_A",39.1668870589152,16.8723966944963,"Exito"
54,"Srv_B",28.9530238138172,88.412397304317,"Exito"
55,"Srv_B",27.5531843600955,77.9527794341557,"Fallo"
56,"Srv_A",37.072620702459,17.9234635015018,"Exito"
57,"Srv_A",33.705287652852,76.3884871257469,"Fallo"
58,"Srv_B",45.0160226137402,75.3602556844708,"Exito"
59,"Srv_A",52.4346917936191,63.6133003588766,"Exito"
60,"Srv_A",43.8368205116578,70.6696255654097,"Exito"
61,"Srv_A",41.246400438072,23.2600030049216,"Exito"
62,"Srv_B",42.2063217733331,77.0054814314935,"Exito"
63,"Srv_B",49.3620170356153,16.4353951797821,"Exito"
64,"Srv_A",45.3448337667323,22.9676557877101,"Exito"
65,"Srv_A",48.3999175987331,42.4047489645891,"Exito"
66,"Srv_A",52.9683055163441,77.7232325312216,"Exito"
67,"Srv_A",50.9501911658949,73.4159891160671,"Exito"
68,"Srv_B",42.40361896789,16.5833180570044,"Exito"
69,"Srv_B",46.1348731619151,59.9243820582051,"Exito"
70,"Srv_A",33.7488090349367,94.2213334175758,"Exito"
71,"Srv_A",54.4560887678262,96.0201896436047,"Exito"
72,"Srv_A",48.5037845681423,87.6203526484314,"Exito"
73,"Srv_B",46.7868769739356,46.0503025399521,"Exito"
74,"Srv_A",50.2992280361181,38.5878570124041,"Exito"
75,"Srv_A",51.40901834333,23.6294316342101,"Exito"
76,"Srv_B",37.4962620382536,82.4869790924713,"Exito"
77,"Srv_B",46.6075003240673,8.10653327195905,"Exito"
78,"Srv_A",47.0930982266309,23.2139137377962,"Exito"
79,"Srv_A",31.5577628551546,57.5503997523338,"Exito"
80,"Srv_B",38.8320552499121,79.024006737629,"Exito"
81,"Srv_A",58.0999335938989,17.1767101471778,"Exito"
82,"Srv_B",35.0458244001075,81.6359149962664,"Exito"
83,"Srv_B",40.3193396842605,34.1417629120406,"Exito"
84,"Srv_A",58.7622899439657,49.4162243143655,"Exito"
85,"Srv_A",40.3397543651022,63.5206916178577,"Exito"
86,"Srv_A",39.9597904542888,71.2260688098613,"Fallo"
87,"Srv_A",37.0884149290411,18.0821868898347,"Exito"
88,"Srv_A",57.3677522268587,92.1933572690468,"Exito"
89,"Srv_B",42.5932056909801,37.2539818510413,"Exito"
90,"Srv_A",45.7935491622364,51.8297129529528,"Exito"
91,"Srv_A",44.3559193401651,92.6463267130312,"Exito"
92,"Srv_A",59.4311083298011,77.7864742253441,"Exito"
93,"Srv_A",38.2780416065472,74.8862063686829,"Exito"
94,"Srv_A",55.7290674775717,68.0534774055704,"Exito"
95,"Srv_B",40.7833473202029,28.0284042137209,"Exito"
96,"Srv_A",54.9606411209954,20.6452066358179,"Exito"
97,"Srv_B",41.3577207574311,37.7785498227458,"Exito"
98,"Srv_A",42.8517833795307,11.5541720944457,"Exito"
99,"Srv_B",46.7890136531408,52.7500008433126,"Exito"
100,"Srv_B",37.8659339919461,48.4295634317677,"Exito"
101,"Srv_B",45.0906201855797,76.0889764938038,"Exito"
102,"Srv_B",52.9935219366149,90.4823029574472,"Exito"
103,"Srv_A",39.8527863662327,66.1389879749622,"Exito"
104,"Srv_B",38.0479742044732,43.9907690533437,"Exito"
105,"Srv_A",40.5250171804493,67.1804324025288,"Exito"
106,"Srv_B",37.0802044544912,6.04119903128594,"Exito"
107,"Srv_B",47.1287398519829,43.8732857084833,"Exito"
108,"Srv_B",35.01388345991,65.3782947347499,"Exito"
109,"Srv_A",46.4130931232457,43.6393737918697,"Fallo"
110,"Srv_B",31.8060663408304,37.5440602623858,"Exito"
111,"Srv_A",40.2929224088334,60.3552759923041,"Exito"
112,"Srv_B",43.545505196881,14.2913393799681,"Exito"
113,"Srv_A",59.9383785952813,9.15212773974054,"Exito"
114,"Srv_B",46.9075440790349,13.7786317376886,"Exito"
115,"Srv_A",53.7837437348183,92.1174975766335,"Exito"
116,"Srv_B",43.8775396976225,34.9150488812011,"Exito"
117,"Srv_A",58.8289393609619,40.6086134260986,"Exito"
118,"Srv_B",43.5752543339347,44.07450948935,"Exito"
119,"Srv_A",52.6922684241795,69.8708006923553,"Exito"
120,"Srv_B",46.6087348838919,48.2539256939199,"Exito"
121,"Srv_B",46.7411293403161,89.6557053013239,"Exito"
122,"Srv_B",37.0184677771494,59.7549088057131,"Exito"
123,"Srv_A",41.8550300222996,95.6963860141113,"Exito"
124,"Srv_A",45.9003810289984,30.423623182578,"Fallo"
125,"Srv_A",66.2056295921475,29.4933740610722,"Exito"
126,"Srv_B",39.409754481479,81.1331691264641,"Exito"
127,"Srv_A",36.9688004845253,47.6993288220838,"Exito"
128,"Srv_B",40.2815682846135,47.331063427031,"Fallo"
129,"Srv_A",30.0472781446115,9.41719848802313,"Exito"
130,"Srv_A",45.7439884014871,14.19277714286,"Exito"
131,"Srv_B",45.6450418565339,60.9631501007825,"Exito"
132,"Srv_A",62.339021928616,93.6201941627078,"Exito"
133,"Srv_A",55.5679847279496,48.4221610734239,"Exito"
134,"Srv_A",43.7801313548644,9.91570560424589,"Fallo"
135,"Srv_A",49.5403868743942,70.0793116579298,"Exito"
136,"Srv_B",46.7585204306041,85.7091841984075,"Exito"
137,"Srv_B",51.5085424868232,57.8653557989746,"Exito"
138,"Srv_A",46.0913872692629,15.9561160411686,"Exito"
139,"Srv_B",37.8340864100472,7.96432871487923,"Exito"
140,"Srv_B",48.3641430971059,75.8573575480841,"Exito"
141,"Srv_A",49.2877549743369,19.7855522623286,"Exito"
142,"Srv_A",59.1950704326979,62.1499909043778,"Exito"
143,"Srv_B",32.4640450225584,20.8225831945892,"Exito"
144,"Srv_A",52.9328463941684,91.3752014571801,"Exito"
145,"Srv_A",46.7297896296508,78.587625740096,"Exito"
146,"Srv_A",51.6828131402045,71.6330050686374,"Exito"
147,"Srv_A",47.2831783136731,11.5420723666903,"Exito"
148,"Srv_B",30.860714625466,74.6492835243698,"Exito"
149,"Srv_B",48.1538571218954,78.9448736584745,"Exito"
150,"Srv_B",46.0195053905442,90.2444625783246,"Exito"
151,"Srv_A",43.4721882791076,92.1768933287822,"Exito"
152,"Srv_B",36.4966472649599,24.9777372358367,"Exito"
153,"Srv_B",42.2473304642578,31.5128940308932,"Exito"
154,"Srv_A",50.7899303724521,95.3496983423829,"Exito"
155,"Srv_A",48.8018435291466,45.1998772362713,"Exito"
156,"Srv_B",46.0904053066223,74.5887325713411,"Fallo"
157,"Srv_B",39.256908836767,86.2112104224507,"Exito"
158,"Srv_A",43.2811826747704,37.6650523215067,"Exito"
159,"Srv_A",44.4073683249483,11.9783986897673,"Exito"
160,"Srv_A",39.02836737873,54.2325344427954,"Exito"
161,"Srv_B",41.256295075595,15.3177564088255,"Exito"
162,"Srv_B",46.0814985072883,43.1998600238003,"Exito"
163,"Srv_A",37.7758383529394,79.1507899151184,"Exito"
164,"Srv_B",35.0964319562906,46.6913351144176,"Exito"
165,"Srv_A",39.2131533904206,7.94423716235906,"Exito"
166,"Srv_A",53.632964340148,94.6719028803054,"Exito"
167,"Srv_A",52.0105920097784,22.2213832654525,"Exito"
168,"Srv_B",49.3795886355309,65.4572377416771,"Exito"
169,"Srv_A",37.8509630114847,78.0467880361248,"Exito"
170,"Srv_B",39.4111722018665,49.8690561086405,"Exito"
171,"Srv_A",52.1379136184855,57.9106871373951,"Exito"
172,"Srv_B",48.4193332027911,78.6828334340826,"Exito"
173,"Srv_A",47.4642039436031,56.5915010427125,"Exito"
174,"Srv_A",52.2635634055505,46.7558226499241,"Exito"
175,"Srv_B",43.3024416910319,20.3974210706074,"Exito"
176,"Srv_A",33.6761732732942,67.9504502899945,"Exito"
177,"Srv_B",37.6700413755389,94.7380128505174,"Exito"
178,"Srv_B",48.5636440070499,32.3094625053927,"Exito"
179,"Srv_B",43.1120067521247,91.6430885570589,"Exito"
180,"Srv_B",32.0071740341075,67.434916617116,"Exito"
181,"Srv_A",44.1090035035914,51.9387077258434,"Exito"
182,"Srv_A",41.2214814094797,74.4222811814398,"Exito"
183,"Srv_B",46.5093194428968,15.1077727840748,"Exito"
184,"Srv_A",57.5443067902054,27.6847680478822,"Exito"
185,"Srv_B",34.7845041776368,13.0733509610873,"Exito"
186,"Srv_B",42.8938470020634,35.4219668342266,"Exito"
187,"Srv_A",46.1170541492216,68.750411395682,"Exito"
188,"Srv_B",50.9624931015103,59.6572213815525,"Exito"
189,"Srv_A",42.018698418847,41.3693342525512,"Exito"
190,"Srv_A",53.9830175032722,6.52885150327347,"Exito"
191,"Srv_A",45.6669981562334,40.0014679278247,"Exito"
192,"Srv_A",41.6004522244707,35.7535678206477,"Exito"
193,"Srv_B",42.711265214017,39.2579743186943,"Exito"
194,"Srv_A",50.7091401437217,39.0518850525841,"Exito"
195,"Srv_A",46.0065824522965,91.6348296827637,"Exito"
196,"Srv_B",41.4982511109663,10.5908984323032,"Exito"
197,"Srv_A",36.9508387156782,69.7320120870136,"Exito"
198,"Srv_B",34.7292805266753,50.0844507073052,"Exito"
199,"Srv_B",41.2905326655988,40.2686186439823,"Exito"
200,"Srv_B",46.3063954107119,42.9563873312436,"Exito"
201,"Srv_A",42.2544163240519,5.45586545788683,"Exito"
202,"Srv_A",43.0183202062147,9.98056076862849,"Exito"
203,"Srv_A",42.8409098550164,88.8167295649182,"Exito"
204,"Srv_A",47.5016330434913,70.0642498305533,"Exito"
205,"Srv_A",48.4315374359934,72.6108597477432,"Exito"
206,"Srv_A",41.0869531346899,82.5178619967774,"Exito"
207,"Srv_B",50.4417968052613,56.3170680138282,"Exito"
208,"Srv_B",35.2071455824784,68.1069451041985,"Exito"
209,"Srv_B",47.897008704734,59.4595561823808,"Exito"
210,"Srv_A",70.0600024857178,93.0249880065676,"Fallo"
211,"Srv_B",29.7045235110986,23.7260963753797,"Exito"
212,"Srv_A",51.7101799575619,87.250224575866,"Exito"
213,"Srv_B",47.2791144731686,47.3453333517537,"Fallo"
214,"Srv_A",51.5400336954274,48.094541253522,"Exito"
215,"Srv_B",42.5392803998391,6.67528223339468,"Exito"
216,"Srv_A",44.1191319245473,38.3314034780487,"Exito"
217,"Srv_B",37.0722424683243,48.2903223384637,"Exito"
218,"Srv_B",35.0036850145596,50.5230339269619,"Exito"
219,"Srv_B",36.1042139292476,33.8669643762987,"Exito"
220,"Srv_B",47.2978368820202,91.2139527152758,"Exito"
221,"Srv_A",54.0408306883501,14.9725431718398,"Exito"
222,"Srv_B",45.5236737558597,12.472477218369,"Exito"
223,"Srv_A",48.488319434273,87.2133579042275,"Exito"
224,"Srv_A",40.0505517019002,71.13969672448,"Exito"
225,"Srv_A",48.6677892354857,28.9144666309003,"Exito"
226,"Srv_A",42.2934667911792,42.9209062294103,"Exito"
227,"Srv_B",52.6578244609124,92.8411205396987,"Exito"
228,"Srv_A",52.2937045655758,57.8724958931562,"Fallo"
229,"Srv_A",58.5282243225269,68.6154063059948,"Exito"
230,"Srv_B",41.9843494531855,84.4186581070535,"Exito"
231,"Srv_B",45.1745418635751,22.9914319438394,"Exito"
232,"Srv_B",41.0626625668117,15.0134335802868,"Exito"
233,"Srv_A",54.1441810091663,80.454842380248,"Exito"
234,"Srv_B",49.4499505424779,17.3499255576171,"Exito"
235,"Srv_A",48.7656585665628,96.9227032472845,"Exito"
236,"Srv_A",36.910624580497,65.4137221148703,"Fallo"
237,"Srv_B",42.6852319108312,53.353937568143,"Exito"
238,"Srv_A",43.9856934152034,29.5827388421167,"Exito"
239,"Srv_B",39.9007659335417,56.779933642596,"Exito"
240,"Srv_B",42.2005453806915,47.1793363769539,"Exito"
241,"Srv_B",37.8196497594618,78.7188226294238,"Exito"
242,"Srv_A",49.7091686212751,17.3294800610747,"Exito"
243,"Srv_B",46.6322542769669,18.1586535661481,"Exito"
244,"Srv_A",48.2213390648613,42.3207015504595,"Exito"
245,"Srv_A",50.1942737944838,39.1008548298851,"Exito"
246,"Srv_A",48.9113924834125,51.0103246381041,"Exito"
247,"Srv_B",34.9127809838037,26.3887518183328,"Exito"
248,"Srv_A",47.5574026857216,39.5541855799966,"Exito"
249,"Srv_A",53.5541032887242,44.1702646641061,"Exito"
250,"Srv_B",50.8640306453891,28.0724794471171,"Exito"
251,"Srv_B",43.629170147954,80.4054233196657,"Exito"
252,"Srv_A",46.6625566556693,56.1403829082847,"Exito"
253,"Srv_A",40.9859509363333,41.214413889451,"Exito"
254,"Srv_B",39.2658593473255,10.5563092494849,"Exito"
255,"Srv_A",47.3763294868224,16.5627674772404,"Exito"
256,"Srv_B",45.7473188490026,70.5154720521532,"Exito"
257,"Srv_A",40.7250574729598,45.6239326193463,"Exito"
258,"Srv_A",44.1123262024942,84.6810501101427,"Exito"
259,"Srv_A",44.6016071330064,45.6019893891644,"Exito"
260,"Srv_B",43.2197644455249,25.2581669590436,"Exito"
261,"Srv_B",43.8712038659467,12.8228217992,"Exito"
262,"Srv_A",46.8716052322143,53.1570606122259,"Fallo"
263,"Srv_A",41.425001020443,19.6709706911352,"Exito"
264,"Srv_A",44.1012198316901,37.9500970884692,"Exito"
265,"Srv_A",51.0878652511123,9.26970679196529,"Exito"
266,"Srv_A",27.6654880981546,70.329078105744,"Exito"
267,"Srv_A",47.9585730300909,39.4225690723397,"Exito"
268,"Srv_A",38.8107403661806,16.1602283439133,"Exito"
269,"Srv_A",58.3657818826212,24.5288152389694,"Exito"
270,"Srv_B",42.9291340302659,89.8149605584331,"Fallo"
271,"Srv_B",43.0459070706823,87.8679222008213,"Exito"
272,"Srv_B",29.655111091627,74.3494019289501,"Exito"
273,"Srv_B",49.1667781391019,17.4864457035437,"Exito"
274,"Srv_A",53.4544219456671,72.2792702591978,"Exito"
275,"Srv_A",47.0628708694808,75.4366087028757,"Exito"
276,"Srv_B",37.6406036073633,16.1442800757941,"Exito"
277,"Srv_A",42.9532038540961,58.2723647693638,"Exito"
278,"Srv_A",56.602924500718,75.8351937145926,"Exito"
279,"Srv_A",53.8828423742908,90.5861786205787,"Exito"
280,"Srv_A",52.7214763872586,55.7414703911636,"Exito"
281,"Srv_B",43.9692894953747,25.15944617684,"Exito"
282,"Srv_B",39.2382323768838,30.0995625939686,"Fallo"
283,"Srv_B",39.6163071264004,33.60449788603,"Exito"
284,"Srv_A",53.289566191773,33.8707598878536,"Exito"
285,"Srv_B",35.3033069108662,75.4967531594448,"Exito"
286,"Srv_B",39.2729232507106,80.8427872448228,"Exito"
287,"Srv_A",47.5696698877113,77.2300593899563,"Fallo"
288,"Srv_B",44.3516059584906,91.4619644053746,"Exito"
289,"Srv_A",39.0015204643184,58.5981376320124,"Exito"
290,"Srv_B",41.5473387587396,86.1886368445121,"Exito"
291,"Srv_A",61.6891558972316,13.9882382061332,"Exito"
292,"Srv_B",31.0925452600411,75.0218684829306,"Exito"
293,"Srv_B",32.1314826039957,21.1622936911881,"Exito"
294,"Srv_B",40.2287606899545,43.3651296226308,"Exito"
295,"Srv_A",56.5941044128174,95.923521611141,"Exito"
296,"Srv_A",49.167070765438,91.3511985482182,"Exito"
297,"Srv_A",38.0381899779124,33.9506309963763,"Exito"
298,"Srv_B",43.4003925310296,60.5530044622719,"Exito"
299,"Srv_B",43.6527214352486,6.91326660662889,"Exito"
300,"Srv_B",38.4079001462308,31.7186697579455,"Exito"
301,"Srv_B",35.2556134821373,82.8855041896459,"Exito"
302,"Srv_A",57.5770576410593,37.4421059787273,"Exito"
303,"Srv_A",46.1436453404849,23.7691656637471,"Exito"
304,"Srv_A",54.4243264716162,89.2989805471152,"Exito"
305,"Srv_B",41.4589256959173,36.6945461707655,"Exito"
306,"Srv_B",39.4195222476502,53.0193573976867,"Exito"
307,"Srv_B",44.2274364970871,41.3654822909739,"Exito"
308,"Srv_A",43.6704739857311,46.831023585517,"Exito"
309,"Srv_A",38.7508547113902,71.0394986926112,"Exito"
310,"Srv_B",45.3023210162245,39.3203840299975,"Exito"
311,"Srv_B",54.8436310175645,85.1185147662181,"Exito"
312,"Srv_A",36.408540898293,76.889992242679,"Exito"
313,"Srv_A",42.3520754542318,28.9325060183182,"Exito"
314,"Srv_A",38.6274630915813,68.34049441549,"Exito"
315,"Srv_A",52.3786436213125,40.0002287123352,"Exito"
316,"Srv_A",58.9663219905263,61.3649371734355,"Exito"
317,"Srv_B",52.3552515641075,44.6041946436744,"Exito"
318,"Srv_A",50.8693866813035,91.7928504664451,"Exito"
319,"Srv_B",37.5173780094297,52.4968284259085,"Exito"
320,"Srv_A",50.5019441219803,56.0931374442298,"Exito"
321,"Srv_B",39.8779854556553,72.1717768576927,"Exito"
322,"Srv_B",42.6515021187699,27.8717886609957,"Fallo"
323,"Srv_A",69.7902158522538,31.3447154695168,"Exito"
324,"Srv_A",55.3199926973276,6.83289881586097,"Exito"
325,"Srv_B",40.5840635133328,56.9981889820192,"Exito"
326,"Srv_A",64.1303422334825,48.7313875835389,"Exito"
327,"Srv_B",49.3526764829387,79.6638545328751,"Exito"
328,"Srv_B",42.6300829733988,49.7714969150256,"Exito"
329,"Srv_A",48.4047964646164,9.29599208338186,"Exito"
330,"Srv_B",47.5364654127289,16.6551945691463,"Exito"
331,"Srv_A",40.9236743179865,69.9370651801582,"Exito"
332,"Srv_A",49.3661741273377,65.0510949878953,"Exito"
333,"Srv_B",39.2204587983046,26.9657967658713,"Exito"
334,"Srv_A",40.1496154097653,45.4257526358124,"Exito"
335,"Srv_B",34.9293831903889,79.7175049632788,"Exito"
336,"Srv_A",59.1045484312,44.1084292186424,"Exito"
337,"Srv_A",41.7091502261085,49.1889077178203,"Exito"
338,"Srv_B",44.9354612696352,20.4704935133923,"Exito"
339,"Srv_B",46.639119533923,36.9706624799874,"Exito"
340,"Srv_A",53.958086676768,5.16072891233489,"Exito"
341,"Srv_A",44.6255214257511,69.2833587420173,"Exito"
342,"Srv_A",36.5324301222901,13.1758653710131,"Exito"
343,"Srv_B",51.6782561848973,46.5085393101908,"Exito"
344,"Srv_B",47.2068777938112,41.8256274920423,"Exito"
345,"Srv_B",47.3631375760079,41.7898416207172,"Exito"
346,"Srv_B",48.4078784279324,23.772309044376,"Exito"
347,"Srv_B",41.1640269807669,25.690845987061,"Exito"
348,"Srv_A",48.8132178687297,8.27130032051355,"Exito"
349,"Srv_A",53.2275605359992,36.1133851569612,"Exito"
350,"Srv_B",53.0054220424864,75.7883737368975,"Exito"
351,"Srv_A",62.4876328636767,22.1458219115157,"Exito"
352,"Srv_A",62.2721673214204,67.3067692199256,"Exito"
353,"Srv_B",32.4761221035344,50.2109487331472,"Exito"
354,"Srv_A",39.2797776660494,36.2254777736962,"Exito"
355,"Srv_B",52.6787589036063,49.4401328801177,"Exito"
356,"Srv_A",42.891415601101,90.9955811412074,"Exito"
357,"Srv_A",42.6761393514732,72.08354610065,"Exito"
358,"Srv_A",54.7734854412368,18.4284976867493,"Exito"
359,"Srv_B",47.8162276453135,12.4989935066551,"Exito"
360,"Srv_A",56.3010533929251,41.2616543732584,"Exito"
361,"Srv_A",48.1202113468207,46.6822423734702,"Exito"
362,"Srv_A",49.5125748990708,64.4768964466639,"Exito"
363,"Srv_B",50.9102121668177,69.4670386700891,"Fallo"
364,"Srv_A",47.8273674178078,95.2498597111553,"Exito"
365,"Srv_B",38.2095998473953,62.4194315599743,"Exito"
366,"Srv_A",50.4501776504921,91.6399975556415,"Exito"
367,"Srv_B",39.4225540216209,97.8402691942174,"Exito"
368,"Srv_B",25.8750622660963,27.7391609249171,"Exito"
369,"Srv_A",54.055968368605,71.5045878286473,"Exito"
370,"Srv_B",44.2482686791066,41.5220495352987,"Exito"
371,"Srv_A",47.7704048625086,42.9181804966647,"Exito"
372,"Srv_B",31.3912306024736,7.20768770715222,"Exito"
373,"Srv_B",38.71570238513,73.95802740613,"Exito"
374,"Srv_B",47.2645356771635,51.1179553428665,"Exito"
375,"Srv_B",40.9947813843808,52.9614713317715,"Exito"
376,"Srv_A",53.8867809232487,84.0471959128045,"Exito"
377,"Srv_A",62.9362340292662,31.559068958275,"Exito"
378,"Srv_B",42.7044032836295,16.9596931571141,"Exito"
379,"Srv_A",46.2948536992347,16.2611279194243,"Exito"
380,"Srv_A",45.4640173524721,90.5949557654094,"Exito"
381,"Srv_B",47.584765479605,39.186967162881,"Exito"
382,"Srv_B",45.4505425851262,28.5558677013032,"Exito"
383,"Srv_A",46.3506026266669,42.2775155943818,"Exito"
384,"Srv_B",38.7909128311696,90.242393913446,"Exito"
385,"Srv_A",49.7083187670707,79.00974623207,"Exito"
386,"Srv_B",45.8518237533204,10.806858159136,"Exito"
387,"Srv_B",46.2850583702676,83.0296081914566,"Exito"
388,"Srv_A",47.9400884076094,7.8917387065012,"Exito"
389,"Srv_A",36.6665507104645,77.657877501566,"Exito"
390,"Srv_B",38.0152997282273,50.5484254804906,"Fallo"
391,"Srv_B",34.905845920191,24.5427352688275,"Exito"
392,"Srv_A",46.0316989769069,23.8982515993994,"Exito"
393,"Srv_B",45.1933861560585,36.9945707209408,"Exito"
394,"Srv_B",41.0920152653259,57.2755190641619,"Fallo"
395,"Srv_B",33.3907889149464,93.7377204026561,"Exito"
396,"Srv_A",48.3923998486385,79.1518670127261,"Fallo"
397,"Srv_A",24.4630067877008,94.2632960299961,"Exito"
398,"Srv_A",44.3359742121347,9.56437099352479,"Exito"
399,"Srv_B",47.4466434059333,10.3082006827462,"Exito"
400,"Srv_B",45.1686795621948,74.2984777076636,"Exito"
401,"Srv_B",46.8876373820857,20.6498897140846,"Exito"
402,"Srv_A",60.3836490826312,30.8639908249024,"Exito"
403,"Srv_B",41.8429608010494,86.7115676573012,"Exito"
404,"Srv_B",48.1913335637492,63.1890803028364,"Exito"
405,"Srv_A",46.5759412991193,45.2243155920878,"Exito"
406,"Srv_A",45.555912296781,77.6631291725207,"Exito"
407,"Srv_A",43.6365616308257,20.1889362405054,"Exito"
408,"Srv_A",49.7989778185945,55.6580598857254,"Exito"
409,"Srv_B",45.6186841515878,32.9551159483381,"Exito"
410,"Srv_B",38.9645756340559,69.4616714573931,"Exito"
411,"Srv_A",50.8664127069369,18.8118161396123,"Exito"
412,"Srv_B",36.4657311205681,48.0172764384188,"Exito"
413,"Srv_A",67.2734388544179,50.4891563132405,"Exito"
414,"Srv_A",59.5912595752527,43.47186275688,"Exito"
415,"Srv_A",43.217693897555,31.6782197116408,"Exito"
416,"Srv_A",46.7667539324444,29.4939409864601,"Exito"
417,"Srv_B",35.4732975145831,70.6391392403748,"Exito"
418,"Srv_B",33.220919153525,62.0041105349082,"Exito"
419,"Srv_B",40.7872147074442,72.382760862587,"Exito"
420,"Srv_B",49.2380451395727,36.675470956834,"Exito"
421,"Srv_B",46.2351201330268,33.6080765835941,"Exito"
422,"Srv_B",37.2325905104,53.7338181778323,"Exito"
423,"Srv_B",41.1361967821998,35.0949043473229,"Exito"
424,"Srv_A",38.152294122412,62.0467531243339,"Exito"
425,"Srv_A",38.8079774634055,55.9527366245165,"Exito"
426,"Srv_A",55.5973464179188,42.0268740088213,"Exito"
427,"Srv_B",44.7501350739097,64.3176696852315,"Exito"
428,"Srv_A",45.3494257026417,19.9638000829145,"Exito"
429,"Srv_A",58.168751811536,93.1470816964284,"Fallo"
430,"Srv_A",36.5009242012577,38.5173190825153,"Exito"
431,"Srv_B",43.1694733420521,38.2735343666282,"Exito"
432,"Srv_B",44.7131884700099,56.2181269964203,"Exito"
433,"Srv_A",47.4468394657721,44.4494813939091,"Exito"
434,"Srv_B",40.9538683326055,16.3591691360343,"Exito"
435,"Srv_A",41.2787845992349,94.659113409929,"Exito"
436,"Srv_B",42.677555407736,14.6558808058035,"Exito"
437,"Srv_B",42.4181677515485,70.5283125159331,"Exito"
438,"Srv_A",60.6625517173777,77.9605655097403,"Exito"
439,"Srv_A",50.6870295969418,59.7465229784139,"Exito"
440,"Srv_B",53.4096977917451,58.6939408120234,"Exito"
441,"Srv_A",46.2272897209172,79.8745080442168,"Fallo"
442,"Srv_A",38.7998947264904,14.1903685869183,"Exito"
443,"Srv_B",36.1926595335758,16.9888401853386,"Exito"
444,"Srv_B",42.9221395854372,54.8325199042447,"Exito"
445,"Srv_B",28.8228710564632,30.6877691638656,"Exito"
446,"Srv_A",62.7657541619012,51.3141940042842,"Exito"
447,"Srv_B",43.5750537827864,50.4612562956754,"Exito"
448,"Srv_A",56.6716470957845,8.32914123940282,"Exito"
449,"Srv_A",35.3475800996503,21.831494523678,"Exito"
450,"Srv_A",57.1163032919183,63.6643530922011,"Exito"
451,"Srv_B",47.3967895991409,82.5322755475063,"Fallo"
452,"Srv_B",38.4962868948984,76.6919661271386,"Exito"
453,"Srv_B",44.2621791107501,78.5171792302281,"Exito"
454,"Srv_B",39.1267966978946,34.4341081154998,"Exito"
455,"Srv_A",50.845241167037,84.9110831501894,"Exito"
456,"Srv_B",35.0561317816882,84.9393657590263,"Exito"
457,"Srv_A",27.7773309428839,80.2991459646728,"Exito"
458,"Srv_B",40.1743808014542,14.2341413893737,"Exito"
459,"Srv_B",48.5970100064041,46.6337042103987,"Exito"
460,"Srv_B",30.7740852447993,10.0312689770944,"Exito"
461,"Srv_B",41.0798836428921,19.280495969113,"Exito"
462,"Srv_B",44.3014510387482,97.4460875224322,"Exito"
463,"Srv_B",43.1632392662669,84.738341339631,"Exito"
464,"Srv_B",34.961401812382,68.9647901104763,"Exito"
465,"Srv_B",35.1084258550432,13.396905903006,"Exito"
466,"Srv_A",43.819331887891,71.1838106738869,"Exito"
467,"Srv_A",56.5148917074902,55.5792722841725,"Exito"
468,"Srv_A",50.4807336398788,17.1054933879059,"Exito"
469,"Srv_B",37.2635003853617,9.78861592500471,"Exito"
470,"Srv_B",42.8385538618511,16.6546850898303,"Exito"
471,"Srv_B",44.213318405142,38.3613916267641,"Exito"
472,"Srv_B",39.7940360264316,80.4367231789511,"Exito"
473,"Srv_B",41.261963660141,84.9976377291605,"Exito"
474,"Srv_A",48.1439380789268,54.2427995123435,"Exito"
475,"Srv_A",49.1714751167045,66.510413575219,"Exito"
476,"Srv_B",39.9184157591799,52.7132725575939,"Exito"
477,"Srv_B",49.2801702729682,93.8100131985266,"Exito"
478,"Srv_A",45.1772502921508,51.9338637855835,"Exito"
479,"Srv_B",48.1391340987869,15.5297973521519,"Exito"
480,"Srv_A",54.651143221582,23.4397541456856,"Exito"
481,"Srv_A",51.3791251020836,46.5450689923018,"Fallo"
482,"Srv_B",41.6196781821223,71.0811234277207,"Exito"
483,"Srv_B",36.6512484452976,13.8795874167699,"Exito"
484,"Srv_A",43.320068386531,54.0779844368808,"Exito"
485,"Srv_B",48.6875474194131,79.4408507223707,"Exito"
486,"Srv_A",56.3801922747907,44.0562134459615,"Exito"
487,"Srv_B",36.9255151809867,29.2819803766906,"Exito"
488,"Srv_A",62.3434895059851,81.1899836163502,"Exito"
489,"Srv_B",36.6754607018704,14.6720888479613,"Exito"
490,"Srv_B",31.6654037739546,19.590479476843,"Exito"
491,"Srv_B",31.6419114540658,54.5308825334068,"Exito"
492,"Srv_A",39.5672341486362,72.9181013044436,"Exito"
493,"Srv_A",49.7731555282745,44.3681368683465,"Exito"
494,"Srv_A",51.2521783086849,55.6552273374982,"Exito"
495,"Srv_B",44.1383875371197,39.2414852606598,"Exito"
496,"Srv_A",43.9012321192087,12.5293577073608,"Exito"
497,"Srv_B",42.9687759096695,84.1469524565618,"Exito"
498,"Srv_B",49.1258491742316,87.7570597701706,"Exito"
499,"Srv_B",44.3796198559164,36.688724196516,"Exito"
500,"Srv_A",42.2578346321384,35.9318735203706,"Exito"
501,"Srv_A",56.0952961690606,43.4897380559705,"Exito"
502,"Srv_B",34.293531148674,19.5742037682794,"Exito"
503,"Srv_A",43.3075075227092,73.6026853418443,"Exito"
504,"Srv_B",27.7754237428531,50.6090666193049,"Exito"
505,"Srv_A",44.9864592792536,95.4961553812027,"Exito"
506,"Srv_A",31.7909105745123,84.4293473637663,"Exito"
507,"Srv_B",47.880835827972,50.3245460558683,"Exito"
508,"Srv_A",56.9286450948792,8.22556484583765,"Exito"
509,"Srv_A",37.6970660268762,85.4935424062423,"Exito"
510,"Srv_A",40.3515310652721,66.1192835825495,"Exito"
511,"Srv_B",34.2194053392982,36.9981147733051,"Exito"
512,"Srv_B",37.8316097780077,5.2905478104949,"Exito"
513,"Srv_B",50.1159255376475,47.867028132081,"Exito"
514,"Srv_A",57.0241341881965,18.157445488032,"Exito"
515,"Srv_A",45.6778719711761,57.4770147665404,"Exito"
516,"Srv_B",41.0309290155307,92.6591396555305,"Exito"
517,"Srv_A",44.4946510084953,15.7779584280215,"Exito"
518,"Srv_A",48.6440926524144,79.3398982046638,"Exito"
519,"Srv_A",44.0048293527951,97.1578755129594,"Exito"
520,"Srv_B",41.9310182472717,61.5480383967515,"Exito"
521,"Srv_B",41.3665342841754,19.8997151679359,"Exito"
522,"Srv_A",61.1531395590229,32.3697555032559,"Exito"
523,"Srv_B",33.7637754387462,45.8424404789694,"Exito"
524,"Srv_B",45.7378554524019,78.3377948089037,"Exito"
525,"Srv_A",50.0117153900806,8.17209426732734,"Exito"
526,"Srv_A",42.7503625565052,52.4812229287345,"Exito"
527,"Srv_A",44.4369320982225,43.9072995211463,"Exito"
528,"Srv_B",47.8459134687109,90.7778027795721,"Exito"
529,"Srv_A",47.9731996415141,7.42915775300935,"Exito"
530,"Srv_A",54.3575629698991,66.4764016896952,"Fallo"
531,"Srv_B",42.6094249507129,24.8503203759901,"Exito"
532,"Srv_A",36.2529411798269,81.9928249507211,"Exito"
533,"Srv_A",46.6133613765258,38.2905204966664,"Exito"
534,"Srv_B",54.5154957603259,63.4972422742285,"Exito"
535,"Srv_B",35.6990437684046,61.3450713343918,"Exito"
536,"Srv_A",60.0861592400368,79.6192456551362,"Exito"
537,"Srv_A",54.8199219007275,5.1646883606445,"Exito"
538,"Srv_B",45.9272369625193,29.238408083329,"Exito"
539,"Srv_A",49.9024850569387,41.5722280403133,"Exito"
540,"Srv_A",55.7601254963429,24.5121689566877,"Exito"
541,"Srv_B",44.612075660183,34.3808841891587,"Exito"
542,"Srv_B",46.5404007926766,81.5010255132802,"Exito"
543,"Srv_A",39.434193100958,76.6896421487909,"Exito"
544,"Srv_B",36.9296833114703,78.0841516065411,"Exito"
545,"Srv_A",54.5394746793439,36.7108179167844,"Fallo"
546,"Srv_B",35.3470980556841,63.0046677370556,"Exito"
547,"Srv_B",40.6385152963303,50.7163857338019,"Exito"
548,"Srv_B",54.3881108214646,48.5736223298591,"Exito"
549,"Srv_B",38.8932842575989,38.5853793609422,"Exito"
550,"Srv_A",49.3438654633648,76.0489375777543,"Exito"
551,"Srv_B",57.3198565108015,80.3082103398629,"Exito"
552,"Srv_B",54.9257562777476,75.0372234303504,"Exito"
553,"Srv_B",36.9651043990081,15.8443364654668,"Exito"
554,"Srv_A",46.3644997374688,68.987962530693,"Exito"
555,"Srv_B",47.9722108900458,17.8313549072482,"Exito"
556,"Srv_A",53.0799411831975,42.9643640853465,"Exito"
557,"Srv_A",42.27668480868,69.6421168879606,"Exito"
558,"Srv_B",40.5941683575587,74.5582287071738,"Exito"
559,"Srv_B",43.8518884734283,75.6784148530569,"Exito"
560,"Srv_A",45.2690585163268,51.5433544616681,"Exito"
561,"Srv_B",46.1534299596911,56.9823855091818,"Exito"
562,"Srv_A",53.2279683246237,65.7870651104022,"Exito"
563,"Srv_B",45.4224814006063,90.2868812731467,"Exito"
564,"Srv_B",48.8295382285706,97.5544888663571,"Exito"
565,"Srv_B",33.8496426102909,45.2999121109024,"Exito"
566,"Srv_A",48.0598698135438,93.2403075983748,"Exito"
567,"Srv_A",44.2918091984641,31.6359513336793,"Exito"
568,"Srv_A",45.1048343010812,94.2932887042407,"Exito"
569,"Srv_B",34.1765512159342,61.292992150411,"Fallo"
570,"Srv_A",42.6574496254603,74.9025506097823,"Exito"
571,"Srv_A",40.0037878646094,21.1677031926811,"Exito"
572,"Srv_A",41.782442169762,72.0079594773706,"Exito"
573,"Srv_A",38.1048564868681,9.57360712229274,"Fallo"
574,"Srv_A",63.3001982575168,80.5733845690265,"Exito"
575,"Srv_A",61.9078505158569,51.3731444356963,"Exito"
576,"Srv_B",41.1342877937749,89.7223493705969,"Exito"
577,"Srv_A",46.3813606820291,70.9587913788855,"Exito"
578,"Srv_B",47.410587346688,93.9720474986825,"Exito"
579,"Srv_B",43.7007400194141,41.1567708812654,"Exito"
580,"Srv_B",39.8729809407902,65.6718014401849,"Exito"
581,"Srv_B",35.5598569164855,72.6987135866657,"Exito"
582,"Srv_A",34.2441742614845,84.369074373506,"Exito"
583,"Srv_B",41.1370416568391,26.0574379106984,"Exito"
584,"Srv_A",56.9123471543804,47.8769534404855,"Exito"
585,"Srv_B",38.8171369606566,92.5073409548495,"Exito"
586,"Srv_A",58.8970137017454,66.3312936050352,"Exito"
587,"Srv_A",45.965611596165,68.3014802611433,"Exito"
588,"Srv_A",51.843189617923,24.188726849854,"Exito"
589,"Srv_A",49.4538624155825,21.4211547204759,"Exito"
590,"Srv_A",50.0007749063861,85.4125159019604,"Exito"
591,"Srv_B",39.6509749681979,97.9040660560131,"Fallo"
592,"Srv_A",49.2347178074791,17.9514559784438,"Exito"
593,"Srv_B",28.7547862611579,83.8495958466083,"Exito"
594,"Srv_B",39.4642627602723,39.2580488924868,"Exito"
595,"Srv_A",54.6805119324786,86.2428688162472,"Exito"
596,"Srv_A",47.3016709495123,51.9125690269284,"Exito"
597,"Srv_A",43.3297029662426,23.3583520441316,"Exito"
598,"Srv_A",59.7973720117242,5.35904745501466,"Exito"
599,"Srv_A",38.5950413459236,86.9501548570115,"Exito"
600,"Srv_A",45.8249675132588,33.1372486217879,"Exito"
601,"Srv_B",41.7063905978125,44.7660843001213,"Exito"
602,"Srv_A",35.3884376150361,95.5121257572901,"Exito"
603,"Srv_B",49.2229387691022,44.2051740551833,"Exito"
604,"Srv_A",56.5499654921356,74.5332329750527,"Exito"
605,"Srv_A",39.5180261367304,85.4563471465372,"Exito"
606,"Srv_B",40.201742002115,88.6677417159081,"Exito"
607,"Srv_A",50.0472084296516,36.8397875528317,"Fallo"
608,"Srv_B",53.7814842388517,20.0704839560203,"Exito"
609,"Srv_A",39.4923174742826,14.4945323290303,"Exito"
610,"Srv_A",46.1066865701804,89.7704039516393,"Exito"
611,"Srv_A",44.0059318681981,86.8370824740268,"Exito"
612,"Srv_A",52.5258718212367,57.4338066158816,"Exito"
613,"Srv_B",47.5216722688804,17.930199026363,"Exito"
614,"Srv_A",49.3935159190738,56.8439078012016,"Exito"
615,"Srv_B",36.9209929962053,32.4383717505261,"Fallo"
616,"Srv_A",54.6577753139497,61.0168898291886,"Exito"
617,"Srv_A",55.1329286577621,60.7022501581814,"Exito"
618,"Srv_A",47.215804422399,11.6553986556828,"Exito"
619,"Srv_A",48.3183158277144,90.9842849005945,"Exito"
620,"Srv_B",41.5483738712213,64.3839399977587,"Exito"
621,"Srv_B",46.8044265666621,30.9192951088771,"Exito"
622,"Srv_A",48.9402431166635,33.667200847296,"Exito"
623,"Srv_B",45.1559392841523,82.925496009877,"Exito"
624,"Srv_A",55.8687333743806,97.156665074639,"Exito"
625,"Srv_A",58.4912931857524,41.9472709891852,"Exito"
626,"Srv_B",41.0733112683646,91.5708032965194,"Exito"
627,"Srv_A",49.7642364978521,17.4772930913605,"Exito"
628,"Srv_B",41.1209226602954,91.4353263825178,"Exito"
629,"Srv_B",57.6923944884901,55.3969230998773,"Exito"
630,"Srv_A",41.9125498910758,19.4082982135005,"Exito"
631,"Srv_B",49.9086364860342,46.7282107938081,"Exito"
632,"Srv_B",44.3211911876572,50.6294583291747,"Exito"
633,"Srv_A",54.6870337279601,69.3711845616344,"Exito"
634,"Srv_A",49.7937658142484,53.7044520403724,"Exito"
635,"Srv_A",54.0913693948565,18.6419572860468,"Exito"
636,"Srv_B",39.9481578263939,65.8455429379828,"Exito"
637,"Srv_A",49.1906427650203,27.6223029692192,"Exito"
638,"Srv_B",39.1208613675243,48.6070212984923,"Exito"
639,"Srv_A",52.167162286743,46.073250437621,"Exito"
640,"Srv_B",47.9717488854216,79.7239340080414,"Exito"
641,"Srv_B",30.3640143565004,20.3094577961601,"Exito"
642,"Srv_A",62.626391431581,38.5282418045681,"Exito"
643,"Srv_A",59.6614849814052,32.9148108272348,"Exito"
644,"Srv_B",43.5974484352929,51.8647828595713,"Exito"
645,"Srv_B",47.5116860374923,48.1638073797803,"Exito"
646,"Srv_B",34.8088709763793,7.86550557776354,"Exito"
647,"Srv_A",52.4428129106072,73.5264894827269,"Exito"
648,"Srv_A",37.025255744786,19.958554929588,"Exito"
649,"Srv_B",39.7798710111197,28.9731528493576,"Exito"
650,"Srv_A",32.3100593215691,84.6911246527452,"Exito"
651,"Srv_A",46.1061571142567,87.4877806694712,"Exito"
652,"Srv_B",36.4100093015092,32.5899700936861,"Fallo"
653,"Srv_B",44.255344260951,40.8090064367279,"Exito"
654,"Srv_A",42.2762228698133,67.8731667448301,"Exito"
655,"Srv_B",36.2437878854385,43.5796374774072,"Exito"
656,"Srv_A",50.1849944874971,76.303980381228,"Exito"
657,"Srv_B",39.4409227827669,16.8171973205172,"Exito"
658,"Srv_A",52.8836154783919,55.579961723648,"Exito"
659,"Srv_B",47.0867443025627,19.1664649751037,"Exito"
660,"Srv_B",44.1913134986675,50.0197250943165,"Exito"
661,"Srv_B",39.2790027102614,59.8039407711476,"Exito"
662,"Srv_A",51.720399640977,34.6643157457002,"Exito"
663,"Srv_A",37.4137198039223,13.6001821737736,"Exito"
664,"Srv_A",47.3652977974305,13.8632202448789,"Fallo"
665,"Srv_A",29.1958346752761,45.4688073948491,"Exito"
666,"Srv_A",59.926383383323,9.75279917614534,"Exito"
667,"Srv_B",47.1796546136953,79.8733976872172,"Exito"
668,"Srv_B",46.4720007887892,37.9879476621281,"Exito"
669,"Srv_B",39.9755422873451,22.67867870396,"Exito"
670,"Srv_A",59.4331322728732,58.890391870169,"Exito"
671,"Srv_A",41.9110806286001,64.4159436093178,"Exito"
672,"Srv_A",30.0235396636971,9.34381073061377,"Exito"
673,"Srv_A",43.2640732720591,32.5966890538111,"Exito"
674,"Srv_B",45.3330660952348,71.6752172780689,"Exito"
675,"Srv_A",48.9015808088046,13.9154771370813,"Exito"
676,"Srv_A",56.0538632984743,19.0798605936579,"Exito"
677,"Srv_A",60.4544657924813,88.2659900030121,"Exito"
678,"Srv_A",55.1224838566572,31.6162478723563,"Exito"
679,"Srv_B",38.1616620070081,21.8624104058836,"Exito"
680,"Srv_A",44.1513991396113,82.8091920742299,"Fallo"
681,"Srv_A",47.2407599025532,10.0108459566254,"Exito"
682,"Srv_A",43.7837132792579,56.7717696311884,"Exito"
683,"Srv_A",49.9391282202511,96.5437311863061,"Fallo"
684,"Srv_B",47.6930105159782,63.6966570776422,"Exito"
685,"Srv_A",42.8368235923647,96.67109685787,"Exito"
686,"Srv_A",49.745042828989,40.0606577142607,"Exito"
687,"Srv_A",35.374805629753,8.29584529693238,"Exito"
688,"Srv_B",42.961126443286,18.9519233629107,"Exito"
689,"Srv_A",40.0635772570688,82.3812004118226,"Exito"
690,"Srv_B",44.4154944482888,14.5968458184507,"Exito"
691,"Srv_B",46.7780954084973,93.1268670235295,"Exito"
692,"Srv_A",42.4609942483842,36.1320085758343,"Exito"
693,"Srv_A",45.4868511342553,86.3073166613467,"Exito"
694,"Srv_B",39.6399014614564,6.55751544749364,"Exito"
695,"Srv_A",50.5679832236876,68.7660458649043,"Exito"
696,"Srv_A",50.6665742035032,63.5026239729486,"Exito"
697,"Srv_B",32.8435731120642,97.1903643305413,"Exito"
698,"Srv_B",37.0422169916296,96.2948068117257,"Exito"
699,"Srv_B",47.7079327320311,22.0030852907803,"Exito"
700,"Srv_A",49.1528126948538,93.4529134749901,"Exito"
701,"Srv_A",49.7477107700661,63.5424273882527,"Exito"
702,"Srv_A",43.1771527688459,97.3270593697671,"Exito"
703,"Srv_B",35.6489388721266,52.6273906801362,"Fallo"
704,"Srv_A",34.4595618030249,36.3883325804491,"Exito"
705,"Srv_B",42.585236887952,93.4427577110473,"Exito"
706,"Srv_B",44.0779823739486,26.256584928371,"Exito"
707,"Srv_B",53.6814541807013,38.4298456911929,"Exito"
708,"Srv_A",58.0804152304758,58.9909402299672,"Exito"
709,"Srv_B",35.5655032990078,9.94062871136703,"Exito"
710,"Srv_B",42.1924004734911,14.6022591742221,"Exito"
711,"Srv_B",46.7233686245085,67.270805900218,"Exito"
712,"Srv_B",44.1005549793588,22.1941051725298,"Exito"
713,"Srv_A",51.0074453114424,92.1555017801002,"Fallo"
714,"Srv_B",39.2169524485039,31.2236022171564,"Exito"
715,"Srv_B",43.7063027517089,24.785818917444,"Exito"
716,"Srv_A",45.0337422961689,48.1077742041089,"Exito"
717,"Srv_B",35.9109131985154,38.3784234235063,"Exito"
718,"Srv_B",36.5402308207311,35.1077039514203,"Exito"
719,"Srv_A",53.743904928931,34.1534594562836,"Exito"
720,"Srv_B",46.8143258330208,41.0880096221808,"Exito"
721,"Srv_B",48.5209069599416,16.9372444318142,"Exito"
722,"Srv_B",34.5230904999193,72.621594411321,"Exito"
723,"Srv_A",53.672977395599,12.41696049436,"Exito"
724,"Srv_A",62.0845228161677,41.0366097872611,"Fallo"
725,"Srv_B",40.7969658067224,29.9057689092588,"Fallo"
726,"Srv_A",53.5982120346969,5.39850980998017,"Exito"
727,"Srv_B",37.9680750037579,59.84986824519,"Exito"
728,"Srv_A",49.2755882943385,59.6955213684123,"Exito"
729,"Srv_A",56.2324744588562,66.1144896396436,"Exito"
730,"Srv_A",50.4284384507653,29.183456400875,"Exito"
731,"Srv_B",42.1127806402069,38.9391772020608,"Exito"
732,"Srv_A",48.0590977280227,33.1944836610928,"Exito"
733,"Srv_B",43.7513508460143,86.4223985308781,"Exito"
734,"Srv_B",36.8878358280326,92.7040650821291,"Exito"
735,"Srv_B",38.8693810315473,47.3787763414439,"Exito"
736,"Srv_A",48.9561049876716,88.3942303792574,"Exito"
737,"Srv_B",32.6843239120017,26.3459575478919,"Exito"
738,"Srv_A",43.7944749469857,9.90592091204599,"Exito"
739,"Srv_A",68.080830515403,52.8744544342626,"Exito"
740,"Srv_B",43.5009155283664,32.3781730092596,"Exito"
741,"Srv_B",38.6497544458898,85.3042225211393,"Exito"
742,"Srv_A",58.290047502546,36.5396969169378,"Exito"
743,"Srv_A",40.8709012311033,76.1110834225547,"Exito"
744,"Srv_B",42.652978720576,51.2137455525808,"Exito"
745,"Srv_B",50.2415378864815,44.1258912221529,"Fallo"
746,"Srv_B",48.2703626589538,5.98235738580115,"Exito"
747,"Srv_A",52.1169715928051,23.4808999109082,"Exito"
748,"Srv_B",43.6337894925123,67.6309747986961,"Exito"
749,"Srv_B",36.990805113562,93.0815694208723,"Exito"
750,"Srv_B",38.0064995159476,15.6678244126961,"Exito"
751,"Srv_A",53.2042563897151,96.2651747723576,"Exito"
752,"Srv_A",61.3585618813787,94.7758335210383,"Exito"
753,"Srv_A",49.1567905515811,30.0540946235415,"Exito"
754,"Srv_B",48.4122756569686,96.1726944351103,"Exito"
755,"Srv_A",40.5513729781141,60.483364947373,"Exito"
756,"Srv_B",41.2329325128855,13.4868451880757,"Exito"
757,"Srv_B",37.7550387392812,51.8289569946937,"Exito"
758,"Srv_A",55.141781683623,65.9185275984928,"Exito"
759,"Srv_A",42.2766462299135,29.8363118013367,"Exito"
760,"Srv_B",41.9462308020829,53.5977177368477,"Exito"
761,"Srv_A",51.4724969097384,78.6806557017844,"Exito"
762,"Srv_B",46.3599221385732,43.6547288908623,"Exito"
763,"Srv_B",42.12980850505,7.48053366108797,"Exito"
764,"Srv_A",43.0154612050847,65.0214883910958,"Exito"
765,"Srv_A",32.666002519707,37.5765294188168,"Exito"
766,"Srv_B",38.08831026654,19.3027575237211,"Exito"
767,"Srv_B",45.9360759918154,59.8427875891794,"Exito"
768,"Srv_A",52.1048407687308,8.67051256191917,"Exito"
769,"Srv_A",47.0359910739923,74.1684150155634,"Exito"
770,"Srv_A",47.3924744482567,53.8754678054247,"Exito"
771,"Srv_A",46.6235631762892,71.8188711954281,"Exito"
772,"Srv_B",36.5503681287137,63.8666670492385,"Exito"
773,"Srv_B",33.7879168600404,68.0531813190319,"Exito"
774,"Srv_A",43.2713133188932,26.4532435545698,"Exito"
775,"Srv_A",46.5511800632895,90.889017681824,"Exito"
776,"Srv_A",49.8354884610141,36.7605639630929,"Exito"
777,"Srv_B",45.8095940317497,73.7960467627272,"Exito"
778,"Srv_A",42.797419497451,55.2628076989204,"Fallo"
779,"Srv_A",53.6029280476589,81.6301056242082,"Exito"
780,"Srv_A",42.3369265252753,93.579886313295,"Exito"
781,"Srv_A",46.7155856195233,36.9662844527047,"Exito"
782,"Srv_A",54.8874331415051,97.8520974768326,"Exito"
783,"Srv_A",52.4484870932896,91.1471635259222,"Exito"
784,"Srv_B",42.42469925258,76.1832664364483,"Exito"
785,"Srv_B",41.2605186131107,32.4619877592195,"Exito"
786,"Srv_A",62.8876620862242,90.94374750508,"Exito"
787,"Srv_B",38.3196485830137,18.986445117509,"Exito"
788,"Srv_B",42.7310639207109,27.2594765457325,"Exito"
789,"Srv_B",50.742176961161,83.1156231930945,"Exito"
790,"Srv_B",44.4449703548177,31.4528969030362,"Exito"
791,"Srv_A",46.1010092444328,7.71417904784903,"Exito"
792,"Srv_A",45.6555077797858,37.8343675052747,"Exito"
793,"Srv_A",44.9992887861929,56.661499222042,"Exito"
794,"Srv_B",38.3106196619487,88.0985221879091,"Exito"
795,"Srv_A",48.9789503087543,96.9784165394958,"Exito"
796,"Srv_A",52.1978946847719,47.7096903568599,"Exito"
797,"Srv_A",37.8923567517351,88.5295895861927,"Exito"
798,"Srv_A",37.7398535760905,9.37969603366219,"Exito"
799,"Srv_A",49.8163404069619,52.7910226436798,"Exito"
800,"Srv_B",44.5455063921571,46.2619011290371,"Exito"
801,"Srv_A",51.8849912834854,68.3858720485587,"Exito"
802,"Srv_A",53.3842082501194,86.6755012681242,"Exito"
803,"Srv_A",37.4285787172525,30.7407029583119,"Exito"
804,"Srv_A",51.2494500626004,39.8411216717213,"Exito"
805,"Srv_B",42.922161629429,10.2787234857678,"Exito"
806,"Srv_B",45.6489260902496,31.3481688813772,"Exito"
807,"Srv_A",53.4623839056241,59.3050756400917,"Exito"
808,"Srv_B",46.3944398645572,9.63343825633638,"Exito"
809,"Srv_B",43.2460404571825,83.0296718087047,"Exito"
810,"Srv_B",34.411353129653,65.1073883706704,"Exito"
811,"Srv_A",59.7296026664095,51.5037519452162,"Exito"
812,"Srv_A",37.7884917169258,61.0039207667578,"Exito"
813,"Srv_A",56.6345243161285,28.6149406034965,"Exito"
814,"Srv_A",42.3820791895113,35.5656473201234,"Exito"
815,"Srv_B",36.5941603716265,42.807743574027,"Exito"
816,"Srv_A",34.1523966441549,37.5758114620112,"Exito"
817,"Srv_B",42.9757760499915,52.8902238248847,"Exito"
818,"Srv_B",42.9621212949211,87.8697640262544,"Fallo"
819,"Srv_B",51.3645014321808,95.4049960004631,"Exito"
820,"Srv_A",45.8766193776224,27.5623630709015,"Exito"
821,"Srv_A",50.0519367532958,48.398945476627,"Fallo"
822,"Srv_A",50.4103638516902,65.404583274154,"Exito"
823,"Srv_B",33.6465151827619,42.6720610191114,"Exito"
824,"Srv_A",43.6954393897634,60.8157349056564,"Exito"
825,"Srv_A",40.4142591345686,15.7541394850705,"Exito"
826,"Srv_B",39.0333303911084,45.2354687480256,"Exito"
827,"Srv_B",45.4887772084345,73.3432740818243,"Exito"
828,"Srv_B",39.2203207417388,31.0771178302821,"Exito"
829,"Srv_A",44.4045886029376,48.251708725933,"Exito"
830,"Srv_B",51.409665940655,65.1672174909618,"Exito"
831,"Srv_B",37.1898987309294,26.8642402740661,"Exito"
832,"Srv_A",28.8068412884996,48.2627640957944,"Exito"
833,"Srv_B",46.8489529119722,73.1031401471701,"Exito"
834,"Srv_B",40.2363376109708,71.5876009752974,"Exito"
835,"Srv_A",43.3242992079593,59.2901698676869,"Exito"
836,"Srv_B",37.8875912964785,30.0427455273457,"Exito"
837,"Srv_A",51.4160469491626,52.0863051547203,"Exito"
838,"Srv_B",42.6198482476468,19.3351333762985,"Exito"
839,"Srv_B",49.3109149912283,65.9324878167827,"Exito"
840,"Srv_B",44.3350769805525,87.9317749063484,"Exito"
841,"Srv_B",47.6865386133052,58.4488900306169,"Exito"
842,"Srv_B",55.1559706755335,86.6650657874998,"Exito"
843,"Srv_A",60.8134948185417,72.497324548196,"Exito"
844,"Srv_B",39.1027302836463,45.9793553636409,"Exito"
845,"Srv_A",31.564574618183,83.3532727421261,"Exito"
846,"Srv_A",42.7254428979086,25.4928283162881,"Exito"
847,"Srv_B",56.5161967380034,53.9643048534635,"Exito"
848,"Srv_B",42.4370764483886,46.8152143529151,"Exito"
849,"Srv_B",47.9842935250345,33.1820070801768,"Exito"
850,"Srv_A",34.427403149481,12.7468817948829,"Exito"
851,"Srv_B",34.2776942444918,37.6366816922091,"Exito"
852,"Srv_A",49.8220267462913,97.8346312076319,"Exito"
853,"Srv_A",42.4355867399702,9.57543309754692,"Exito"
854,"Srv_B",41.6364032686685,8.01406211568974,"Exito"
855,"Srv_A",37.2425289893335,78.7569451895542,"Exito"
856,"Srv_B",43.3348909862472,97.6021578896325,"Exito"
857,"Srv_A",52.0229126012624,82.5049131151754,"Exito"
858,"Srv_B",52.4911592189804,13.172592590563,"Exito"
859,"Srv_B",34.3755854158329,92.1076833927073,"Exito"
860,"Srv_B",33.7221553470253,42.3302306260448,"Exito"
861,"Srv_B",42.8254282605534,28.8701697331853,"Exito"
862,"Srv_B",39.0907751008229,8.15214257314801,"Exito"
863,"Srv_A",53.5943138691096,85.5855579997879,"Exito"
864,"Srv_A",46.4489873166079,46.383086963091,"Exito"
865,"Srv_A",44.7206179134271,14.5098922350444,"Exito"
866,"Srv_B",54.8462534888132,88.2705155322328,"Exito"
867,"Srv_B",29.4189817845407,80.3408695252147,"Exito"
868,"Srv_A",38.0853039058641,62.6124715167098,"Exito"
869,"Srv_B",43.1748370764774,96.6405650826637,"Fallo"
870,"Srv_B",36.1542919878012,60.9243007276673,"Exito"
871,"Srv_B",44.7606502248828,58.780102860881,"Exito"
872,"Srv_A",55.0961771923694,89.6980163145345,"Exito"
873,"Srv_B",42.8145196058129,89.8032660279423,"Exito"
874,"Srv_A",60.1012131948796,21.9047130392864,"Exito"
875,"Srv_B",44.2314099725415,58.2063424515072,"Exito"
876,"Srv_A",41.6979697903165,57.0297082969919,"Exito"
877,"Srv_A",30.2704745878051,23.382843342144,"Exito"
878,"Srv_B",47.8346032569441,58.0474077058025,"Exito"
879,"Srv_A",49.7944243180693,27.9744851747528,"Exito"
880,"Srv_A",58.4046860621035,74.5992829874158,"Exito"
881,"Srv_B",39.7893523831666,23.2729757267516,"Exito"
882,"Srv_B",53.8277668702528,29.0367726525292,"Exito"
883,"Srv_A",56.7643675025305,88.2844052691944,"Exito"
884,"Srv_A",23.8996526552821,53.0926028715912,"Fallo"
885,"Srv_A",52.3604372923867,21.9347217152826,"Exito"
886,"Srv_B",33.589915150664,31.2379798451439,"Exito"
887,"Srv_B",44.4811516548118,38.3772487780079,"Exito"
888,"Srv_B",43.1709175374246,78.6772538896184,"Exito"
889,"Srv_A",41.1649686718498,65.1735854735598,"Exito"
890,"Srv_B",35.7855446494338,7.59553439589217,"Exito"
891,"Srv_A",50.0015365783449,88.1234159115702,"Exito"
892,"Srv_A",49.6037207092325,32.2900054580532,"Exito"
893,"Srv_B",46.9933359051256,49.7626047481317,"Exito"
894,"Srv_B",37.1229699131289,6.76480913232081,"Exito"
895,"Srv_A",42.5796521648955,66.012143713655,"Exito"
896,"Srv_B",49.140825158828,71.977743125055,"Exito"
897,"Srv_A",45.8567428035899,20.6278811343946,"Exito"
898,"Srv_A",48.1861921539405,56.5054107743781,"Exito"
899,"Srv_B",48.0187464140928,72.7885869375896,"Exito"
900,"Srv_B",38.6189579485129,27.0528951012529,"Exito"
901,"Srv_A",45.8455549942652,93.6295175973792,"Exito"
902,"Srv_B",45.3034658916785,80.8777732017916,"Exito"
903,"Srv_B",35.8491878704479,91.4484252345283,"Exito"
904,"Srv_A",46.372544251508,16.4667304204777,"Exito"
905,"Srv_B",36.868909554414,7.45683827158064,"Exito"
906,"Srv_B",48.6842550918913,15.0011459456291,"Exito"
907,"Srv_B",43.3804905768258,72.3217379553244,"Fallo"
908,"Srv_A",48.2978397121499,8.97461814340204,"Exito"
909,"Srv_A",43.8660246453022,26.885655208258,"Exito"
910,"Srv_B",50.2344361389747,42.6305835694075,"Exito"
911,"Srv_A",51.8257509001771,10.2940853622276,"Exito"
912,"Srv_A",50.3489654898591,59.8002434137743,"Exito"
913,"Srv_B",49.0764382103268,65.0251113262493,"Exito"
914,"Srv_B",45.5865475423841,66.066850151401,"Exito"
915,"Srv_B",46.5629196064888,44.8194577204995,"Fallo"
916,"Srv_B",45.4088809844083,48.6906153801829,"Exito"
917,"Srv_A",55.748799250708,53.7836336228065,"Exito"
918,"Srv_A",41.7548674067457,58.6770627966616,"Exito"
919,"Srv_A",50.31517744197,82.7448256886564,"Exito"
920,"Srv_A",41.7504251234502,44.4506382837426,"Exito"
921,"Srv_B",37.5635613704661,84.3568013114855,"Exito"
922,"Srv_A",50.2939356779593,10.2774039367214,"Exito"
923,"Srv_B",40.2058502976483,24.4340683044866,"Exito"
924,"Srv_B",41.219368733408,82.0762888530735,"Exito"
925,"Srv_B",43.384670019189,76.2756049232557,"Exito"
926,"Srv_A",48.3503037115321,60.2217660162132,"Exito"
927,"Srv_B",41.5695265169902,7.55664593866095,"Fallo"
928,"Srv_A",52.2085454890582,82.1139289354905,"Exito"
929,"Srv_A",54.4808247096476,34.6270303868223,"Exito"
930,"Srv_B",42.4748777836372,90.2185188885778,"Exito"
931,"Srv_B",38.0845940043097,38.9930339662824,"Exito"
932,"Srv_A",51.3310326241427,82.7072990476154,"Exito"
933,"Srv_A",56.0986989705631,38.6401011724956,"Exito"
934,"Srv_B",44.4091837229828,18.6412076505367,"Exito"
935,"Srv_B",34.5088136724226,64.5146546908654,"Exito"
936,"Srv_A",51.748598320808,59.7859954021405,"Exito"
937,"Srv_A",56.756149389017,8.42382841091603,"Exito"
938,"Srv_A",65.5845313825233,35.7415034309961,"Exito"
939,"Srv_B",28.7306909929329,10.0026237412822,"Exito"
940,"Srv_A",35.876192270559,74.2700198374223,"Exito"
941,"Srv_A",44.9827358520427,82.927106621908,"Exito"
942,"Srv_A",61.8702173207712,9.11821095529012,"Exito"
943,"Srv_B",46.2473692139243,31.4765296280384,"Exito"
944,"Srv_A",45.5906799640106,35.6217525794636,"Exito"
945,"Srv_B",34.2465045045371,18.2970478225034,"Exito"
946,"Srv_B",33.3977798163543,6.50567364809103,"Exito"
947,"Srv_B",28.5335940930127,41.4773358558305,"Exito"
948,"Srv_A",43.324779648915,58.675035034772,"Exito"
949,"Srv_B",43.4204416375981,69.6926248688251,"Exito"
950,"Srv_A",53.2640629869216,83.5122367413715,"Exito"
951,"Srv_A",40.3684716575896,59.5004422168713,"Exito"
952,"Srv_B",45.6061887284388,11.2339186235331,"Exito"
953,"Srv_A",49.2540661892493,60.5291823146399,"Exito"
954,"Srv_A",43.1508032777692,11.2804335285909,"Exito"
955,"Srv_A",72.0048673362419,86.5668497425504,"Exito"
956,"Srv_A",55.2988701175268,31.9548451753799,"Exito"
957,"Srv_A",42.0955044391297,23.6374197129626,"Exito"
958,"Srv_A",50.0549370627786,72.7171081523411,"Exito"
959,"Srv_A",56.6783911442635,7.13798128371127,"Exito"
960,"Srv_B",41.644096591597,60.6217487019021,"Exito"
961,"Srv_B",33.123460044324,12.6566832771059,"Exito"
962,"Srv_A",44.6626992331904,66.7196894851513,"Exito"
963,"Srv_B",35.6858132772487,59.7904804181308,"Fallo"
964,"Srv_A",45.3290720869944,89.4330078193452,"Exito"
965,"Srv_B",48.6674241260314,39.0614127423614,"Exito"
966,"Srv_A",51.2045088093355,32.2570415248629,"Exito"
967,"Srv_B",38.8029402524137,8.89767782390118,"Exito"
968,"Srv_A",47.4445724377537,53.7762429139111,"Exito"
969,"Srv_B",46.4505916076777,13.3104290375486,"Exito"
970,"Srv_B",33.7991784015137,70.570337229874,"Exito"
971,"Srv_B",45.5955501417522,63.1851474014111,"Exito"
972,"Srv_A",46.1886102407405,62.3823505644687,"Exito"
973,"Srv_A",56.1329724557656,52.8513818788342,"Exito"
974,"Srv_A",61.1465676222913,85.0787337620277,"Exito"
975,"Srv_A",46.2579565972043,7.27686260826886,"Exito"
976,"Srv_B",44.1544329104159,41.5375456835609,"Exito"
977,"Srv_B",40.4431394970392,22.6368408142589,"Exito"
978,"Srv_B",39.2356675811125,44.3635137262754,"Exito"
979,"Srv_B",37.0027477802633,39.6719489230309,"Exito"
980,"Srv_A",41.6588043300935,65.8770627076738,"Exito"
981,"Srv_B",47.161005411026,21.1604216594715,"Exito"
982,"Srv_A",48.5576100371752,38.3600971954875,"Exito"
983,"Srv_A",58.106965043783,78.4438289979007,"Fallo"
984,"Srv_B",40.2279967969043,72.9492179122753,"Exito"
985,"Srv_A",46.3512232128802,39.4863063227385,"Exito"
986,"Srv_B",48.0974799375628,42.4527689220849,"Exito"
987,"Srv_A",49.0830369386616,15.7919693365693,"Exito"
988,"Srv_A",54.4215902575141,75.1383140524849,"Exito"
989,"Srv_B",46.9789997544654,71.7994161618408,"Exito"
990,"Srv_B",41.8044528859395,27.6570345221553,"Exito"
991,"Srv_A",45.1041397702753,84.3529943670146,"Exito"
992,"Srv_B",48.0427358629721,22.8005676406901,"Exito"
993,"Srv_B",46.3473123509536,7.16278815618716,"Exito"
994,"Srv_A",43.8703986945436,41.6050798529759,"Exito"
995,"Srv_B",45.1491390316078,35.4325580017176,"Exito"
996,"Srv_B",40.4222957874058,46.5679511073977,"Exito"
997,"Srv_A",44.1397497600934,12.2276790437754,"Exito"
998,"Srv_B",54.2009015171092,23.7966082997154,"Exito"
999,"Srv_A",56.7322457428129,77.4986053116154,"Exito"
1000,"Srv_B",35.8003191313415,75.4242135381792,"Exito"
